title,slug,active_installs,relevance
Video Gallery &#8211; YouTube Gallery,gallery-videos,10000,1
Video Slider &#8211; Slider Carousel,slider-video,7000,1
"GridKit Portfolio Gallery &#8211; Multipurpose portfolio, gallery, video gallery, product catalog, gallery slider",portfolio-wp,10000,1
FV Flowplayer Video Player,fv-wordpress-flowplayer,40000,1
Yoast SEO,wordpress-seo,5000000,0
Video Embed &amp; Thumbnail Generator,video-embed-thumbnail-generator,30000,1
Smart Slider 3,smart-slider-3,400000,0
"Video Gallery &#8211; YouTube Playlist, Channel Gallery by YotuWP",yotuwp-easy-youtube-embed,10000,1
WP Video Lightbox,wp-video-lightbox,70000,1
WP Video Popup – Responsive YouTube &amp; Vimeo Video Lightbox,responsive-youtube-vimeo-popup,8000,1
"WordPress Photo Gallery &#8211; Multipurpose Portfolio, Image Gallery &amp; Video Gallery",photo-gallery-portfolio,600,1
Jetpack by WordPress.com,jetpack,5000000,0
Easy Video Player,easy-video-player,40000,1
BackWPup &#8211; WordPress Backup Plugin,backwpup,600000,0
Photo Gallery by 10Web &#8211; Mobile-Friendly Image Gallery,photo-gallery,300000,0
All-in-One Video Gallery,all-in-one-video-gallery,6000,1
Video Background,video-background,20000,1
"ARVE Advanced Responsive Video Embedder (YouTube, Vimeo, HTML5 Video &#8230;)",advanced-responsive-video-embedder,60000,1
Shortcodes Ultimate,shortcodes-ultimate,800000,0
YouTube,youtube-embed-plus,200000,0
Elementor Page Builder,elementor,2000000,0
SiteOrigin Widgets Bundle,so-widgets-bundle,1000000,0
Vimeotheque &#8211; WordPress Vimeo videos,codeflavors-vimeo-video-post-lite,7000,1
Wonder Video Embed,wonderplugin-video-embed,6000,1
"Slider Hero with Animation, Video Background &amp; Intro Maker",slider-hero,2000,1
MetaSlider,ml-slider,900000,0
Video User Manuals,video-user-manuals,30000,1
Video Sidebar Widgets,video-sidebar-widgets,10000,1
GT3 Photo Gallery / Video Gallery / Gutenberg Gallery Block,gt3-photo-video-gallery,9000,1
Video PopUp,video-popup,10000,1
Image Gallery by Robo – Responsive Photo Gallery,robo-gallery,40000,0
Flowplayer Video Player,flowplayer6-video-player,3000,1
WP Photo Album Plus,wp-photo-album-plus,20000,0
Spider Video Player,player,10000,1
Html5 Video Player,html5-video-player,3000,1
Vimeography: Vimeo Video Gallery WordPress Plugin,vimeography,10000,1
Video gallery and Player,html5-videogallery-plus-player,4000,1
Photo Video Gallery Master,photo-video-gallery-master,7000,1
mb.YTPlayer for background videos,wpmbytplayer,6000,1
HDW Player Plugin (Video Player &amp; Video Gallery),hdw-player-video-player-video-gallery,2000,1
YITH WooCommerce Featured Video,yith-woocommerce-featured-video,7000,1
Lazy Load for Videos,lazy-load-for-videos,8000,1
YouTube Gallery &#8211; Best YouTube Video Gallery for WordPress,youtube-showcase,6000,1
"Photonic Gallery &amp; Lightbox for Flickr, SmugMug, Google Photos, Zenfolio and Instagram",photonic,10000,0
"Video Gallery &#8211; YouTube and Vimeo, Link Gallery",new-video-gallery,1000,1
Video Grid,video-grid,2000,1
FooGallery &#8211; Image Gallery WordPress Plugin,foogallery,100000,0
CP Media Player &#8211; Audio Player and Video Player,audio-and-video-player,4000,1
Responsive Video Light,responsive-video-light,3000,1
Meks Video Importer,meks-video-importer,3000,1
All-in-One WP Migration,all-in-one-wp-migration,2000000,0
Seriously Simple Podcasting,seriously-simple-podcasting,20000,0
Gallery Plugin for WordPress &#8211; Envira Photo Gallery,envira-gallery-lite,100000,0
WordPress Featured Video &#8211; VideographyWP,videographywp,900,1
Video Gallery by Huzzaz,huzzaz-video-gallery,3000,1
Related YouTube Videos,related-youtube-videos,5000,1
Duplicator &#8211; WordPress Migration Plugin,duplicator,1000000,0
"Post video players, slideshow albums, photo galleries and music / podcast playlist",video-playlist-and-gallery-plugin,8000,1
"Feed Them Social &#8211; Facebook, Instagram, Twitter, YouTube &amp; Pinterest",feed-them-social,70000,0
WooCommerce HTML5 Video,woocommerce-html5-video,2000,1
AMP for WP &#8211; Accelerated Mobile Pages,accelerated-mobile-pages,100000,0
"EmbedPress – Embed Google Docs, Vimeo and Wistia videos, Giphy and Imgur photos, and more",embedpress,6000,1
Slider by 10Web &#8211; Responsive Image Slider,slider-wd,60000,0
Video Conferencing with Zoom API,video-conferencing-with-zoom-api,1000,1
Slider by Soliloquy &#8211; Responsive Image Slider for WordPress,soliloquy-lite,80000,0
Videojs HTML5 Player,videojs-html5-player,10000,1
oEmbed External Video,oembed-external-video,700,1
WP RSS Aggregator,wp-rss-aggregator,60000,0
Video Slider With Thumbnail,video-slider-with-thumbnails,500,1
Easy Support Videos &#8211; Embed videos in the admin,easy-support-videos,500,1
"Broadcast Live Video &#8211; Live Streaming : HTML5, WebRTC, HLS, RTSP, RTMP",videowhisper-live-streaming-integration,3000,1
WooCommerce PPOM,woocommerce-product-addon,10000,0
Lazy Load by WP Rocket,rocket-lazy-load,60000,0
PowerPress Podcasting plugin by Blubrry,powerpress,60000,0
Responsive videos &#8211; Fitvids,responsive-videos-fitvids,1000,1
CMP &#8211; Coming Soon &amp; Maintenance Plugin by NiteoThemes,cmp-coming-soon-maintenance,50000,0
Master Slider &#8211; Responsive Touch Slider,master-slider,100000,0
Video Share VOD &#8211; Turnkey Video Site Builder,video-share-vod,700,1
"Photo Video Link Gallery &#8211; Images Gallery, YouTube Video Gallery, Light-box Gallery",photo-video-link-gallery,1000,1
Genesis Featured Video,featured-videos-for-genesis,600,1
"Easy Lightbox &#8211; Best Image, Gallery and Video Lightbox for WordPress",easy-lightbox-wp,2000,1
Video Lessons Manager,cm-video-lesson-manager,200,1
Custom Feeds for Instagram,instagram-feed,800000,0
MailPoet &#8211; emails and newsletters in WordPress,mailpoet,100000,0
video carousel slider with lightbox,wp-responsive-video-gallery-with-lightbox,1000,1
Paid Memberships Pro,paid-memberships-pro,80000,0
Photo Gallery &#8211; Image Gallery by Ape,gallery-images-ape,6000,0
Media Slider &#8211; Image Video Carousal Link Slideshow,media-slider,1000,1
WP YouTube Lyte,wp-youtube-lyte,20000,0
Ductile Responsive Video,ductile-responsive-video,400,1
WP Video Gallery,wp-video-gallery-free,1000,1
Super Video Player &#8211; Best wordpress video player,super-video-player,300,1
Brightcove Video Connect,brightcove-video-connect,1000,1
Video Dashboard,video-dashboard,800,1
Embed Video Thumbnail,embed-video-thumbnail,800,1
WordPress Page Builder &#8211; Beaver Builder,beaver-builder-lite-version,500000,0
Switch Video Quality,switch-video-quality,300,1
Livemesh Addons for Elementor,addons-for-elementor,60000,0
Coming Soon Page &amp; Maintenance Mode by SeedProd,coming-soon,900000,0
Interactive Content – H5P,h5p,10000,0
Image and video gallery from Google Drive,skaut-google-drive-gallery,1000,1
VideoWhisper Video Presentation,videowhisper-video-presentation,200,1
SEOPress,wp-seopress,60000,0
Stackable &#8211; Gutenberg Blocks,stackable-ultimate-gutenberg-blocks,10000,0
"Image and Video Lightbox, Lightbox PopUp",lightbox-popup,3000,1
Brid Video Easy Publish,brid-video-easy-publish,300,1
Porn Videos Embed,porn-videos-embed,400,1
"Popup Maker &#8211; Popup Forms, Optins &amp; More",popup-maker,300000,0
Advanced Classifieds &amp; Directory Pro,advanced-classifieds-and-directory-pro,4000,0
Postie,postie,20000,0
Insert Pages,insert-pages,30000,0
Import any XML or CSV File to WordPress,wp-all-import,100000,0
10Web Social Feed for Instagram,wd-instagram-feed,80000,0
Product Catalog,ultimate-product-catalogue,10000,0
"WPSSO Core &#8211; Advanced Open Graph, Rich Pin, Twitter Card, Social Meta Tags, SEO Rich Results, Schema Markup",wpsso,10000,0
The Events Calendar,the-events-calendar,700000,0
GDPR Cookie Compliance,gdpr-cookie-compliance,70000,0
"WpDevArt YouTube Embed, Playlist and Popup",youtube-video-player,10000,0
Webcam Video Conference,videowhisper-video-conference-integration,700,1
BulletProof Security,bulletproof-security,70000,0
Tinychat Video Chat,tc-video-chat,70,1
Slide Anything &#8211; Responsive Content / HTML Slider and Carousel,slide-anything,70000,0
Clappr Video Player,embed-clappr,400,1
Kadence WooCommerce Email Designer,kadence-woocommerce-email-designer,10000,0
S3Bubble WordPress Video Streaming,s3bubble-amazon-web-services-oembed-media-streaming-support,400,1
CyberSEO Lite (CyberSyn),cybersyn,10000,0
YourChannel: Everything you want in a YouTube plugin.,yourchannel,10000,0
Automatic Youtube Video Posts Plugin,automatic-youtube-video-posts,3000,1
"PixelYourSite &#8211; Facebook Pixel, Google Analytics, Head &amp; Footer (WooCommerce, EDD, Events)",pixelyoursite,100000,0
Google Maps Easy,google-maps-easy,50000,0
Smartideo,smartideo,5000,0
10Web YouTube &#8211; Youtube Player and Gallery,wd-youtube,4000,0
MediaElement.js &#8211; HTML5 Video &amp; Audio Player,media-element-html5-video-and-audio-player,20000,1
Carousel Slider,carousel-slider,40000,0
Advanced Gutenberg,advanced-gutenberg,10000,0
10Web Social Feed for Facebook,wd-facebook-feed,40000,0
Responsive Poll,poll-wp,5000,0
Smart Forms &#8211; when you need more than just a contact form,smart-forms,10000,0
WP Post And Widget For Instagram,wp-instagram-post,5000,0
Algori 360 Video,360-video,200,1
Related Video Widget For Post From Youtube,tube-video-widget-using-post-meta,70,1
Page scroll to id,page-scroll-to-id,100000,0
"Video Recorder, Video Converter &amp; Video Uploader",clipchamp-video-converter-video-uploader-and-webcam-recorder,400,1
WordPress Carousel &#8211; Responsive Image Slider for WordPress,wp-carousel-free,10000,0
PayPal Plus for WooCommerce,woo-paypalplus,10000,0
Elementor Custom Skin,ele-custom-skin,8000,0
uTubeVideo Gallery,utubevideo-gallery,1000,1
Post Grid,post-grid,60000,0
Gmedia Photo Gallery,grand-media,20000,0
Responsive Lightbox &amp; Gallery,responsive-lightbox,300000,0
Youtube Widget Responsive,youtube-widget-responsive,20000,0
FileBird &#8211; WordPress Media Library Folders,filebird,10000,0
Portfolio Gallery &#8211; Image Gallery WordPress Plugin,portfolio-filter-gallery,10000,0
WooCommerce HSS Extension for Streaming Video,woocommerce-hss-extension-for-streaming-video,100,1
FitVids for WordPress,fitvids-for-wordpress,8000,0
Premium Addons for Elementor,premium-addons-for-elementor,100000,0
Remove Footer Credit,remove-footer-credit,50000,0
Lazy Loader,lazy-loading-responsive-images,5000,0
ARI Fancy Lightbox &#8211; WordPress Popup,ari-fancy-lightbox,10000,0
Popup Builder &#8211; Responsive WordPress Pop up &#8211; Subscription &amp; Newsletter,popup-builder,100000,0
SlideDeck &#8211; Responsive WordPress Slider Plugin,slidedeck,5000,0
MAS Videos,masvideos,80,1
Additional Variation Images for WooCommerce,woo-variation-gallery,6000,0
YouTube Embed,youtube-embed,20000,0
Ultimate FAQ,ultimate-faqs,30000,0
Free Livestream – Live Video Streaming with Hapity,wp-hapity,100,1
Insert Video with Schema.org (IVS),insert-video-with-schemaorg-ivws,200,1
Black Studio TinyMCE Widget,black-studio-tinymce-widget,700000,0
Foyer &#8211; Digital Signage for WordPress,foyer,1000,0
Slider by Supsystic,slider-by-supsystic,10000,0
Photo Video Store,photo-video-store,200,1
Automatic Featured Images from Videos,automatic-featured-images-from-videos,9000,1
Featured Image from URL,featured-image-from-url,40000,0
Wonder Slider Lite,wonderplugin-slider-lite,10000,0
Social Media Share Buttons &amp; Social Sharing Icons,ultimate-social-media-icons,200000,0
Video Comments Webcam Recorder,video-comments-webcam-recorder,80,1
Crelly Slider,crelly-slider,20000,0
YouTube Video Importer Lite,yt-video-importer-lite,100,1
Gallery Box,gallery-box,2000,0
Event Calendar &#8211; Responsive Calendar,calendar-event,3000,0
WordPress Simple PayPal Shopping Cart,wordpress-simple-paypal-shopping-cart,40000,0
Customer Reviews for WooCommerce,customer-reviews-woocommerce,10000,0
Livemesh SiteOrigin Widgets,livemesh-siteorigin-widgets,30000,0
Mykraft Responsive Video Shortcode,mykraft-responsive-video-shortcode,100,1
Event Timeline &#8211; Vertical Timeline,rich-event-timeline,1000,0
Stripe Payments,stripe-payments,10000,0
Responsive video embed,responsive-video-embed,200,1
White Label CMS,white-label-cms,100000,0
Embed videos and respect privacy,video-embed-privacy,5000,1
Contact Widgets,contact-widgets,600000,0
Revive Old Posts &#8211; Auto Post to Social Media,tweet-old-post,50000,0
Yasr &#8211; Yet Another Stars Rating,yet-another-stars-rating,20000,0
Supaz Easy Background &#8211; Easy way to add parallax image or video background,supaz-easy-background,300,1
Image Photo Gallery Final Tiles Grid,final-tiles-grid-gallery-lite,30000,0
MainWP Child,mainwp-child,300000,0
Frontend Dashboard,frontend-dashboard,1000,0
Gallery Photo Video,gallery-photo-video,600,1
Post Gallery,simple-post-gallery,3000,0
Auto Last Youtube Video,auto-last-youtube-video,500,1
"Folders &#8211; Organize Pages, Posts and Media Library Folders with Drag and Drop",folders,8000,0
PickPlugins Product Slider for WooCommerce,woocommerce-products-slider,20000,0
Woocommerce Product Addons,woo-custom-product-addons,7000,0
WordPress Slider Plugin &#8211; WP 1 Slider,wp-1-slider,10000,0
Advanced WordPress Backgrounds,advanced-backgrounds,10000,0
WP Responsive Testimonials Slider And Widget,wp-responsive-testimonials-slider-and-widget,400,0
PressPermit,press-permit-core,5000,0
Video Posts Webcam Recorder,video-posts-webcam-recorder,100,1
Livemesh Addons for WPBakery Page Builder,addons-for-visual-composer,20000,0
Advanced Product Labels for WooCommerce,advanced-product-labels-for-woocommerce,7000,0
WP Videos,video-sync-for-vimeo,500,1
"Styles &amp; Layouts for Gravity Forms &#8211; Best Gravity Forms Styler, Designer",styles-and-layouts-for-gravity-forms,20000,0
WordPress Video Sticky,wp-video-sticky,100,1
Options for Twenty Seventeen,options-for-twenty-seventeen,4000,0
Advanced AJAX Product Filters,woocommerce-ajax-filters,10000,0
Fast Video and Image Display,fast-video-and-image-display,60,1
Maintenance,maintenance,400000,0
"WP-VR-view &#8211; Add Photo Sphere, 360 video to WordPress",wp-vr-view,10000,1
WP101,wp101,10000,0
a3 Lazy Load,a3-lazy-load,100000,0
My WP Translate,my-wp-translate,10000,0
Simple YouTube Embed,simple-youtube-embed,8000,0
Tutor LMS &#8211; eLearning and online course solution,tutor,700,0
Google Video Sitemap Feed With Multisite Support,google-video-sitemap-feed-with-multisite-support,7000,1
Niso Carousel Slider,niso-carousel-slider,900,0
MediaPress,mediapress,2000,0
HSS Embed Streaming Video,hss-embed-streaming-video,60,1
Portfolio Designer – WordPress Portfolio Plugin (Image/Video/Slider Gallery),portfolio-designer-lite,200,1
Load More Anything,ajax-load-more-anything,1000,0
WordPress SEO Plugin &#8211; Rank Math,seo-by-rank-math,60000,0
Accordion,accordions,30000,0
Essential Real Estate,essential-real-estate,4000,0
video-with-ads,video-with-ads,20,1
Image vertical reel scroll slideshow,image-vertical-reel-scroll-slideshow,1000,0
Motors &#8211; Car Dealer &amp; Classified Ads WordPress Plugin,motors-car-dealership-classified-listings,10000,0
FooBox Image Lightbox WordPress Plugin,foobox-image-lightbox,100000,0
Unite Gallery Lite,unite-gallery-lite,20000,0
Essential Addons for Elementor,essential-addons-for-elementor-lite,200000,0
WP VR &#8211; 360 Panorama and virtual tour creator for WordPress,wpvr,2000,0
Ninja Tables &#8211; Best WP Data Table Plugin for WordPress,ninja-tables,30000,0
Ultimate Maps by Supsystic,ultimate-maps-by-supsystic,3000,0
Video Central for WordPress,video-central,700,1
wpDataTables Lite &#8211; WordPress Table Plugin,wpdatatables,20000,0
Videos,videos,300,1
Extra Privacy for Elementor,extra-privacy-for-elementor,1000,0
.TUBE Video Curator,tube-video-curator,700,1
Product Gallery Slider for Woocommerce,woo-product-gallery-slider,7000,0
Responsive Filterable Portfolio,responsive-filterable-portfolio,3000,0
Material Design for Contact Form 7,material-design-for-contact-form-7,10000,0
Sitemap Generator,mb-sitemap-generator,10000,0
Photo Gallery Slideshow &amp; Masonry Tiled Gallery,wp-responsive-photo-gallery,3000,0
MetaSlider Lightbox,ml-slider-lightbox,10000,0
WP Smart TV,wp-smart-tv,800,0
Sermon Manager,sermon-manager-for-wordpress,10000,0
Pods &#8211; Custom Content Types and Fields,pods,70000,0
Kadence Blocks – Gutenberg Page Builder Toolkit,kadence-blocks,30000,0
3CX Live Chat and Talk,3cx-live-chat-talk,1000,0
WebinarPress,wp-webinarsystem,2000,0
Advanced File Manager,file-manager-advanced,20000,0
Popup by Supsystic,popup-by-supsystic,30000,0
WordPress Tooltips,wordpress-tooltips,4000,0
Create by Mediavine,mediavine-create,2000,0
"WP Offload Media Lite for Amazon S3, DigitalOcean Spaces, and Google Cloud Storage",amazon-s3-and-cloudfront,40000,0
CB Change Mail Sender,cb-change-mail-sender,20000,0
Preloader,the-preloader,20000,0
WP Video Enhanced,wp-video-enhanced,100,1
Gallery &#8211; Flagallery Photo Portfolio,flash-album-gallery,20000,0
Clicky Analytics,clicky-analytics,10000,0
AvgBot,avgbot-auto-video-grabber,100,0
Easy Digital Downloads HSS Extension for Streaming Video,easydigitaldownloads-hoststreamsell-extension,60,1
Media from FTP,media-from-ftp,20000,0
Blue Admin,blue-admin,2000,0
Schema &#8211; All In One Schema Rich Snippets,all-in-one-schemaorg-rich-snippets,90000,0
Polo Video Gallery &#8211; Best wordpress video gallery plugin,polo-video-gallery,0,1
Video Destacado,video-destacado,200,1
WPB WooCommerce Product Slider,wpb-woocommerce-product-slider,9000,0
Wistia WordPress Plugin,wistia-wordpress-oembed-plugin,7000,0
JW Player for WordPress,jw-player-7-for-wp,4000,0
Data Tables Generator by Supsystic,data-tables-generator-by-supsystic,30000,0
"Nextend Social Login and Register (Facebook, Google, Twitter)",nextend-facebook-connect,200000,0
Srizon Responsive Youtube Album,srizon-responsive-youtube-album,2000,0
Accessible Video Library,accessible-video-library,100,1
Load More Products for WooCommerce,load-more-products-for-woocommerce,7000,0
WordPress Download Manager,download-manager,100000,0
Fusion Page Builder : Extension &#8211; Video,fusion-extension-video,600,1
WooCommerce Featured Video,woo-featured-video,500,1
WooCommerce Custom Product Tabs Lite,woocommerce-custom-product-tabs-lite,10000,0
Contact Form by BestWebSoft,contact-form-plugin,100000,0
Coming Soon by Supsystic,coming-soon-by-supsystic,6000,0
Webcam 2Way Videochat,webcam-2way-videochat,200,1
"Gallery &#8211; WordPress Gallery, Photo Gallery",new-photo-gallery,2000,0
Markup (JSON-LD) structured in schema.org,wp-structuring-markup,20000,0
Schema App Structured Data,schema-app-structured-data-for-schemaorg,10000,0
Workbox Video from Vimeo &amp; Youtube Plugin,workbox-video-from-vimeo-youtube-plugin,800,1
Nemus Slider,nemus-slider,1000,0
Ivory Search &#8211; WordPress Search Plugin,add-search-to-menu,20000,0
Custom Icons for Elementor,custom-icons-for-elementor,30000,0
FA Video Popup,fa-video-popup,300,1
Alphabetic Pagination,alphabetic-pagination,1000,0
Schema &amp; Structured Data for WP &amp; AMP,schema-and-structured-data-for-wp,10000,0
Min and Max Quantity for WooCommerce,minmax-quantity-for-woocommerce,6000,0
WordPress Colorbox Lightbox,wp-colorbox,10000,0
User Profile Picture,metronet-profile-picture,40000,0
OpenTickets Community Edition,opentickets-community-edition,1000,0
Responsive Lightbox,responsive-lightbox-lite,20000,0
Under Construction,under-construction-page,300000,0
Link Checker,link-checker,10000,0
Contact Form 7 &#8211; PayPal &amp; Stripe Add-on,contact-form-7-paypal-add-on,10000,0
WP Recipe Maker,wp-recipe-maker,20000,0
Google Captcha (reCAPTCHA) by BestWebSoft,google-captcha,200000,0
InfiniteWP Client,iwp-client,300000,0
Simple Link Directory,simple-link-directory,2000,0
Images Slideshow by 2J &#8211; Image Slider,2j-slideshow,4000,0
Responsive Slider by MotoPress,motopress-slider-lite,5000,0
"Popup Maker &#8211; Responsive popup, Exit Intent Pop up, Email Optins, Autoresponder &amp; More",popup-maker-wp,5000,0
WooCommerce Conversion Tracking,woocommerce-conversion-tracking,20000,0
"s2Member Framework (Member Roles, Capabilities, Membership, PayPal Members)",s2member,20000,0
Slideshow CK,slideshow-ck,4000,0
Pricing Table by Supsystic,pricing-table-by-supsystic,30000,0
WP Datepicker,wp-datepicker,6000,0
Event Calendar WD &#8211; Responsive Event Calendar plugin,event-calendar-wd,30000,0
YouTube Playlist Player,youtube-playlist-player,1000,0
FA Lite &#8211; WP responsive slider plugin,featured-articles-lite,2000,0
Discount Rules for WooCommerce,woo-discount-rules,10000,0
MomentoPress for Momento360,cmyee-momentopress,1000,0
Magic Embeds,wp-embed-facebook,10000,0
Youtube Video Search,youtube-post-search,50,1
Simple YouTube Responsive,simple-youtube-responsive,2000,0
User Post Gallery &#8211; UPG,wp-upg,1000,0
Custom Login Page Customizer | LoginPress,loginpress,60000,0
WP Shortcode by MyThemeShop,wp-shortcode,50000,0
WordPress File Upload,wp-file-upload,20000,0
Photo Gallery by Supsystic,gallery-by-supsystic,70000,0
Smooth Slider,smooth-slider,10000,0
OT Flatsome Vertical Menu,ot-flatsome-vertical-menu,7000,0
Gallery – Photo Albums Plugin,easy-media-gallery,9000,0
Ultimate Gallery Master,ultimate-gallery-master,4000,0
Exit Popup,exit-popup,4000,0
WP Notification Bars,wp-notification-bars,20000,0
Layer Slider,slider-slideshow,4000,0
Premium Blocks for Gutenberg,premium-blocks-for-gutenberg,4000,0
PDF &amp; Print by BestWebSoft,pdf-print,10000,0
Quick Adsense,quick-adsense,100000,0
Genesis Dambuster,genesis-dambuster,10000,0
"Arrow YouTube Feed, Youtube Channel Feed",add-youtube-feed,1000,0
Shortcodes and extra features for Phlox theme,auxin-elements,40000,0
YouTube Channel,youtube-channel,10000,0
Video Recorder,video-capture,0,1
2Checkout Payment Gateway for WooCommerce,woocommerce-2checkout-payment,2000,0
Tiny carousel horizontal slider plus,tiny-carousel-horizontal-slider-plus,2000,0
Docxpresso,docxpresso,6000,0
Postmark for WordPress,postmark-approved-wordpress-plugin,10000,0
New Google Plus Badge Widget,new-google-plus-badge-widget,10000,0
Bradmax Player,bradmax-player,300,0
Image Hover Effects Addon for Elementor,image-hover-effects-addon-for-elementor,9000,0
Live Chat by Customerly &#8211; Free Live Chat Plugin,customerly,500,0
Google Sitemap by BestWebSoft,google-sitemap-plugin,70000,0
Import YouTube videos as WP Posts,import-youtube-videos-as-wp-post,1000,1
VdoCipher,vdocipher,500,0
Ultimate Carousel For WPBakery Page Builder (formerly Visual Composer),ultimate-carousel-for-visual-composer,10000,0
OWL Carousel Slider,lgx-owl-carousel,1000,0
Genesis Layout Extras &#8211; Default Layouts in Genesis for WordPress,genesis-layout-extras,10000,0
YouTube Gallery &#8211; YouTube Channel,yottie-lite,4000,0
"WP Coder &#8211; add custom html, css and js code",wp-coder,3000,0
Visitors Online by BestWebSoft,visitors-online,3000,0
Hide Related Video Youtube,hide-related-video-youtube,600,1
LoftLoader,loftloader,10000,0
Insert Post Ads,insert-post-ads,20000,0
Carousel Anything For WPBakery Page Builder (formerly Visual Composer),carousel-anything,800,0
Gallery by BestWebSoft,gallery-plugin,40000,0
Product Slider,product-slider,900,0
Testimonial Rotator,testimonial-rotator,50000,0
Social Media Share Buttons | MashShare,mashsharer,70000,0
Orion SMS OTP Verification,orion-sms-otp-verification,1000,0
WooCommerce PayPal Pro Payment Gateway,woocommerce-paypal-pro-payment-gateway,5000,0
Popup anything on click,popup-anything-on-click,20000,0
Unfiltered MU,unfiltered-mu,7000,0
WordPress Gallery MaxGalleria,maxgalleria,5000,0
Hero Banner Ultimate,hero-banner-ultimate,500,0
Content Egg,content-egg,20000,0
WordPress Landing Page &#8211; Squeeze Page &#8211; Responsive Landing Page Builder Free &#8211; WP Lead Plus X,free-sales-funnel-squeeze-pages-landing-page-builder-templates-make,7000,0
WP Modal Popup with Cookie Integration,wp-modal-popup-with-cookie-integration,3000,0
WP Tab Widget,wp-tab-widget,70000,0
DsgnWrks Importer for Instagram,dsgnwrks-instagram-importer,4000,0
GS Logo Slider,gs-logo-slider,10000,0
Brands for WooCommerce,brands-for-woocommerce,800,0
Dynamic Conditions,dynamicconditions,2000,0
PPV Live Webcams &#8211; Paid Videochat,ppv-live-webcams,100,1
Advanced WooCommerce Product Gallery Slider,advanced-woocommerce-product-gallery-slider,1000,0
Simple User Registration,wp-registration,1000,0
"rtMedia for WordPress, BuddyPress and bbPress",buddypress-media,20000,0
Sina Extension for Elementor,sina-extension-for-elementor,1000,0
Post Sliders &amp; Post Grids,post-slider-carousel,2000,0
ManageWP Worker,worker,800000,0
Aparat,aparat,3000,0
Pearl Header Builder,pearl-header-builder,6000,0
Enjoy Instagram feed with Widget and Shortcode on WordPress website,enjoy-instagram-instagram-responsive-images-gallery-and-carousel,10000,0
ImageLinks Interactive Image Builder for WordPress,imagelinks-interactive-image-builder-lite,2000,0
OG,og,10000,0
Social Media Flying Icons | Floating Social Media Icon,floating-social-media-icon,30000,0
Free Responsive iframe Video Embeds,free-responsive-iframe-video-embeds,300,1
Livemesh Addons for Beaver Builder,addons-for-beaver-builder,3000,0
VenoBox Lightbox,venobox-lightbox,1000,0
Simple Documentation,client-documentation,800,0
Velocity &#8211; WordPress Lazy Load for Video and Audio,velocity,500,1
WP Google Analytics Events,wp-google-analytics-events,20000,0
WordPress fancyBox Lightbox,wp-fancybox,600,0
Modula Image Gallery,modula-best-grid-gallery,50000,0
Video Player Gallery with Responsive,video-player-gallery,100,1
Aparat Responsive,aparat-responsive,1000,0
Menu Swapper,menu-swapper,8000,0
IdeaPush,ideapush,500,0
WP Migrate DB,wp-migrate-db,300000,0
Niso Carousel,niso-carousel,100,0
Cloudflare Stream Video,cloudflare-stream,30,1
Album Gallery &#8211; WordPress Gallery,new-album-gallery,1000,0
Ads by datafeedr.com,ads-by-datafeedrcom,9000,0
PeepSo &#8211; User Profile and Social Networking Plugin,peepso-core,3000,0
Themify Builder,themify-builder,10000,0
WP Night Mode,wp-night-mode,900,0
Pricing Table by PickPlugins,pricingtable,4000,0
Multiline files upload for contact form 7,multiline-files-for-contact-form-7,3000,0
DobsonDev Shortcodes,dobsondev-shortcodes,400,0
Theme Blvd Layout Builder,theme-blvd-layout-builder,8000,0
Updater by BestWebSoft,updater,8000,0
Shortcodes Elements,shortcodes-elements,400,0
Slider Carousel &#8211; Responsive Image Slider,slider-images,10000,0
WP Ultimate Recipe,wp-ultimate-recipe,10000,0
Wp-Insert,wp-insert,20000,0
Dashboard Welcome for Elementor,dashboard-welcome-for-elementor,6000,0
MailPoet Newsletters (Previous),wysija-newsletters,200000,0
WHA Crossword,wha-crossword,80,0
Responsive Slick Slider WordPress,responsive-slick-slider,600,0
Directorist &#8211; Business Directory Plugin,directorist,2000,0
PB Addons for WPBakery Page Builder (Visual Composer),vc-addons-by-bit14,2000,0
Booking Calendar,booking,50000,0
WpStream,wpstream,500,0
Wp anything slider,wp-anything-slider,1000,0
Cool Timeline,cool-timeline,10000,0
StagTools,stagtools,6000,0
Podlove Podcast Publisher,podlove-podcasting-plugin-for-wordpress,5000,0
WPC Product Videos for WooCommerce,woo-product-videos,200,1
WordPress Meta Data and Taxonomies Filter (MDTF),wp-meta-data-filter-and-taxonomy-filter,9000,0
Estatik Real Estate Plugin,estatik,3000,0
DIVI Section Enhancer,dse-divi-section-enhancer,1000,0
WordPress Page Builder by MotoPress,motopress-content-editor-lite,10000,0
"Free WhatsApp, Messenger, Telegram, Email, SMS, Maps, Chat &amp; Call button &#8211; Chaty",chaty,8000,0
Timber,timber-library,30000,0
Translate WP website &#8211; Weglot Translate,weglot,20000,0
WOOCS &#8211; Currency Switcher for WooCommerce. Multi Currency and Multi Pay for WooCommerce,woocommerce-currency-switcher,40000,0
List category posts,list-category-posts,100000,0
WP GoToWebinar,wp-gotowebinar,1000,0
Facebook Button by BestWebSoft,facebook-button-plugin,20000,0
Sell Downloads,sell-downloads,500,0
Custom Instagram Feed,easy-instagram-feed,6000,0
Product Tabs Manager for WooCommerce,product-tabs-manager-for-woocommerce,800,0
Toolbox for Beaver Builder,bb-toolbox,500,0
lightGallery,lightgallery,900,0
Cookiebot | GDPR Compliant Cookie Consent and Notice,cookiebot,30000,0
Nimble Page Builder,nimble-builder,30000,0
DELUCKS SEO,delucks-seo,1000,0
Salon booking system,salon-booking-system,5000,0
Easy Upload Files During Checkout,easy-upload-files-during-checkout,1000,0
Advance Portfolio Grid,advance-portfolio-grid,1000,0
VidYen Point System,vidyen-point-system-vyps,100,0
Algori Video and Image Slider,algori-image-video-slider,100,1
Gallery Pro,gallery-pro,1000,0
WP Scraper,wp-scraper,3000,0
HT Mega &#8211; Absolute Addons for Elementor Page Builder,ht-mega-for-elementor,10000,0
Dashboard Welcome for Beaver Builder,dashboard-welcome-for-beaver-builder,3000,0
WP Categories Widget,wp-categories-widget,2000,0
iPanorama 360 WordPress Virtual Tour Builder,ipanorama-360-virtual-tour-builder-lite,6000,0
Woo Shortcodes Kit,woo-shortcodes-kit,2000,0
Image Hover Effects Css3,image-hover-effects-css3,2000,0
Pagination by BestWebSoft,pagination,7000,0
Modal Popup Box &#8211; Popup Builder,modal-popup-box,900,0
CF7 Spreadsheets,cf7-spreadsheets,300,0
Minimum Purchase for WooCommerce,minimum-purchase-for-woocommerce,4000,0
Responsive Gallery,responsive-photo-gallery,8000,0
Smiling Video player and video content,smiling-video,50,1
Pods Beaver Themer Add-On,pods-beaver-builder-themer-add-on,5000,0
Weaver Xtreme Theme Support,weaverx-theme-support,10000,0
WOOF &#8211; Products Filter for WooCommerce,woocommerce-products-filter,70000,0
Easy Image Collage,easy-image-collage,6000,0
"Astra Starter Sites – Elementor, Beaver Builder &amp; Gutenberg Templates",astra-sites,100000,0
Simple Video Monetization,adreclick-free,30,1
KVS Player,kvs-flv-player,1000,0
Subscriber by BestWebSoft,subscriber,3000,0
WooCommerce Image Zoom,woocommerce-image-zoom,8000,0
Pootle Pagebuilder &#8211; WordPress Page builder,pootle-page-builder,4000,0
Variation Swatches for WooCommerce,woo-variation-swatches,60000,0
Photo Gallery WordPress,responsive-photo-gallery-wp,400,0
Sitelinks Search Box,sitelinks-search-box,5000,0
Scroll Triggered Box / Slide Box,slide-box,300,0
"Responsive Image Gallery, Gallery Album",gallery-album,1000,0
Art Decoration Shortcode,art-decoration-shortcode,4000,0
Video Tab For WooCommerce,video-tab-for-woocommerce,3000,1
Responsive Videos,responsive-youtube-videos,200,1
iThemes Security (formerly Better WP Security),better-wp-security,900000,0
Helpie FAQ &#8211; WordPress FAQ Accordion Plugin,helpie-faq,300,0
CM Tooltip Glossary,enhanced-tooltipglossary,9000,0
Contact Form to DB by BestWebSoft,contact-form-to-db,2000,0
Tabs &#8211; Responsive Tabs with  Accordions,vc-tabs,7000,0
Zedna WP Image Lazy Load,wp-image-lazy-load,1000,0
Transposh WordPress Translation,transposh-translation-filter-for-wordpress,20000,0
WP YouTube Video Optimizer,wp-youtube-video-optimizer,70,1
Google Analytics by BestWebSoft,bws-google-analytics,4000,0
Woocommerce Single Product Page Customizer,woo-single-product-page-customizer,3000,0
Encyclopedia / Glossary / Wiki,encyclopedia-lexicon-glossary-wiki-dictionary,2000,0
WP Crowdfunding,wp-crowdfunding,3000,0
AE Fb Video Embed,ae-fb-video-embed,700,1
Dadevarzan WordPress Video,dadevarzan-wp-video,30,1
Fourteen Colors,fourteen-colors,20000,0
YITH WooCommerce Tab Manager,yith-woocommerce-tab-manager,6000,0
WP Content Copy Protection,wp-content-copy-protection,30000,0
Customize Admin,customize-admin,6000,0
TechGasp Youtube Master,youtube-master,700,0
Site Offline Or Coming Soon Or Maintenance Mode,site-offline,20000,0
Shopping Cart &amp; eCommerce Store,wp-easycart,5000,0
Responsive Portfolio &#8211; Responsive Image Gallery,responsive-portfolio,2000,0
Testimonial – Best Testimonial Slider Plugin for WordPress,testimonial-free,10000,0
MyCurator Content Curation,mycurator,2000,0
User Role by BestWebSoft,user-role,4000,0
Pixel Caffeine,pixel-caffeine,40000,0
Amp Stories for WordPress,amp-story,200,0
Tabs,tabs-responsive,20000,0
"WP User Frontend &#8211; Membership, Profile, Registration &amp; Post Submission Plugin for WordPress",wp-user-frontend,20000,0
AWSM Team,awsm-team,3000,0
Video Backgrounds for SiteOrigin Page Builder,video-backgrounds-for-siteorigin-page-builder,10000,1
Testimonials Widget,testimonials-widget,40000,0
Resume Builder,resume-builder,6000,0
WP Bodymovin,wp-bodymovin,2000,0
Demo Awesome,demo-awesome,1000,0
Custom Login,custom-login,60000,0
Itm Simple Hide,itm-simple,100,0
The Visual Editor,zedity,5000,0
Unlimited Addons for WPBakery Page Builder,unlimited-addons-for-wpbakery-page-builder,10000,0
Elementor Addons &#8211;  PowerPack Lite for Elementor,powerpack-lite-for-elementor,5000,0
Social Media Icons &#8211; Social Icons Widget,new-social-media-widget,4000,0
DPlayer for WordPress,dplayer-for-wp,200,0
Featured Video Plus,featured-video-plus,30000,1
mb.vimeoPlayer for background videos,wp-vimeoplayer,60,1
Learning Courses,nd-learning,2000,0
WRC Pricing Tables,wrc-pricing-tables,3000,0
Word Search Puzzles game,wha-wordsearch,200,0
WidgetKit for Elementor,widgetkit-for-elementor,20000,0
SeedX Video Gallery for WooCommerce,seedx-video-gallery-for-woocommerce,30,1
Coming soon and Maintenance mode,coming-soon-page,20000,0
YouTube FancyBox,youtubefancybox,500,0
WCFM Membership &#8211; WooCommerce Memberships for Multivendor Marketplace,wc-multivendor-membership,10000,0
TechGasp Vimeo Master,vimeo-master,1000,0
Hummingbird – Speed Up WordPress,hummingbird-performance,70000,0
Unyson,unyson,200000,0
Easy FancyBox,easy-fancybox,300000,0
Amazing Hover Effects,amazing-hover-effects,3000,0
Multi Step Form,multi-step-form,10000,0
WPB WooCommerce Custom Tab Manager,wpb-woocommerce-custom-tab-manager,1000,0
Snippy,snippy,400,0
"Image Gallery &#8211; Lightbox Gallery, Responsive Gallery",new-image-gallery,3000,0
Essential WPBakery Page Builder (formerly Visual Composer) Addons,vc-shortcodes,9000,0
Elements Plus!,elements-plus,10000,0
Udinra All Image Sitemap,udinra-all-image-sitemap,10000,0
PayPal Donation,easy-paypal-donation,20000,0
WP Subscribe,wp-subscribe,30000,0
WP Upload Size,wp-upload-size,2000,0
WP Snow Effect,wp-snow-effect,2000,0
Pre* Party Resource Hints,pre-party-browser-hints,1000,0
White Label Branding for Elementor Page Builder,white-label-branding-elementor,1000,0
Video Block with Ads,video-block-with-ads,0,1
Embed Any Document,embed-any-document,60000,0
hashtagger,hashtagger,1000,0
XT WooCommerce Floating Cart,woo-floating-cart-lite,4000,0
WP Mapbox GL JS Maps,wp-mapbox-gl-js,1000,0
Message ticker,message-ticker,1000,0
External Videos,external-videos,300,1
vooPlayer v4,vooplayer,1000,0
wordpress responsive thumbnail carousel slider,wp-responsive-thumbnail-slider,6000,0
StoreYa&#039;s Shop to Facebook for WooCommerce,facebook-shop-by-storeyacom,5000,0
Slider Pro,slider-pro-lite,800,0
Modal Portfolio,modal-portfolio,500,0
404page &#8211; your smart custom 404 error page,404page,100000,0
Stylish Price List,stylish-price-list,1000,0
Savvii WP Migrate,savvii-wp-migrate,700,0
Limit Attempts by BestWebSoft,limit-attempts,10000,0
AMP WP &#8211; Google AMP For WordPress,amp-wp,1000,0
Sapo Videos oEmbed,sapo-videos-o-embed,0,1
LidPlay Player,lidplay,200,0
Ultimate Reviews,ultimate-reviews,3000,0
Google Analytics Dashboard Plugin for WordPress by Analytify,wp-analytify,40000,0
Fullwidth Templates for Any Theme &amp; Page Builder,fullwidth-templates,30000,0
Request a Quote,request-a-quote,2000,0
Editorial Calendar,editorial-calendar,40000,0
WooCommerce Product Attachment,woo-product-attachment,2000,0
WPeMatico RSS Feed Fetcher,wpematico,20000,0
RumbleTalk Live Group Chat &#8211; HTML5,rumbletalk-chat-a-chat-with-themes,1000,0
Find Posts Using Attachment,find-posts-using-attachment,1000,0
Universal Slider,fusion-slider,3000,0
Page Builder: PageLayer &#8211; Drag and Drop website builder,pagelayer,40000,0
"Flux Pearl Page Builder, Visual Editor, Web Page Builder HTML Editor, Page Designer, Site builder WYSWYG",fluxlive,1000,0
"WordPress Share Buttons, Related Posts, Google Analytics &#8211; Shareaholic",shareaholic,80000,0
Publitio,publitio,200,0
Landing Page,ultimate-landing-page-and-coming-soon-page,3000,0
Keywords to Links Converter,links-auto-replacer,2000,0
WP Accessibility Tools &amp; Missing Alt Text Finder,tool-for-ada-section-508-and-seo,700,0
WP eCommerce,wp-e-commerce,20000,0
Htaccess by BestWebSoft,htaccess,2000,0
Use Any Font [ Freemium ],use-any-font,100000,0
Mihdan: Ajax Edit Comments,wp-ajax-edit-comments,2000,0
Ultimate Dashboard,ultimate-dashboard,2000,0
Social Boost,social-boost,500,0
Premium Portfolio Features for Phlox theme,auxin-portfolio,10000,0
Music Press Pro,music-press-pro,700,0
Advanced Youtube Channel Pagination,advanced-youtube-channel-pagination,100,0
Advanced iFrame,advanced-iframe,50000,0
Gravity Forms Advanced File Uploader,gravity-forms-advanced-file-uploader,3000,0
Force Sell for WooCommerce,force-sell-for-woocommerce,500,0
WOOBE &#8211; Products Bulk Editor for WooCommerce,woo-bulk-editor,20000,0
Gosign &#8211; Masonry Post Block,gosign-masonry-post-block,400,0
CB Disable Comment URL,cb-disable-comment-url,600,0
Patreon WordPress,patreon-connect,2000,0
Blogger To WordPress,blogger-to-wordpress-redirection,6000,0
Quotes and Tips by BestWebSoft,quotes-and-tips,700,0
Easy Testimonial Slider and Form,easy-testimonial-rotator,1000,0
WP Notes Widget,wp-notes-widget,2000,0
WP Courses LMS,wp-courses,500,0
Stencil,stencil,1000,0
Popup Builder,easy-notify-lite,1000,0
IgniteUp &#8211; Coming Soon and Maintenance Mode,igniteup,30000,0
Symbiostock &#8211; Sell Your Images!,symbiostock,700,0
Fusion Page Builder,fusion,6000,0
Youtube Subtitle Grabber,grab-youtube-subtitle,100,0
Olevmedia Shortcodes,olevmedia-shortcodes,10000,0
File Manager,wp-file-manager,400000,0
Twitter Button by BestWebSoft,twitter-plugin,5000,0
Custom Search by BestWebSoft,custom-search-plugin,2000,0
Responsive Pricing Table,dk-pricr-responsive-pricing-table,20000,0
SmartVideo,smartvideo,100,1
WooCommerce Table Rate Shipping by JEM,woocommerce-easy-table-rate-shipping,7000,0
Essential Premium Addons for Elementor,essential-premium-addons-for-elementor,1000,0
WooCommerce AddressFinder,addressfinder-woo,500,0
Custom Adminbar Menus,custom-adminbar-menus,400,0
BlossomThemes Feed For Instagram,blossomthemes-instagram-feed,10000,0
WP Gfycat,wp-gfycat,300,0
Stream Status for Twitch,stream-status-for-twitch,1000,0
Easy AdSense Ads &#8211; Ad Inserter &amp; AdSense Ad Manager,easy-adsense-ads-scripts-manager,6000,0
T-Shirt Designer,tshirt-designer,500,0
Easy Coming Soon,easy-coming-soon,10000,0
Insert Html Snippet,insert-html-snippet,30000,0
Contact Form Multi by BestWebSoft,contact-form-multi,1000,0
CM Ad Changer,cm-ad-changer,700,0
WooCommerce LightBox,woocommerce-lightbox,3000,0
Gallery PhotoBlocks,photoblocks-grid-gallery,4000,0
Uix Shortcodes &#8211; Compatible with Gutenberg,uix-shortcodes,1000,0
Form plugin for WordPress &#8211; Zoho Forms,zoho-forms,5000,0
"Relevant &#8211; Related, Featured, Latest, and Popular Posts by BestWebSoft",relevant,1000,0
Maintenance Mode,maintenance-mode-free,2000,0
SearchIQ &#8211; The Search Solution,searchiq,1000,0
YouTube Playlists with Schema,jma-youtube-playlists-with-schema,100,0
WP fancyBox3,wp-fancybox-3,1000,0
SR Product 360&#176; View,sr-product-360o-view,100,0
Multilanguage by BestWebSoft,multilanguage,10000,0
"Like, Share &amp; Follow Buttons",new-facebook-like-share-follow-button,1000,0
Fluid Video Embeds,fluid-video-embeds,10000,1
Visitors Traffic Real Time Statistics,visitors-traffic-real-time-statistics,40000,0
Contests by Rewards Fuel,contests-from-rewards-fuel,1000,0
WordPress RSS Feed Retriever,wp-rss-retriever,5000,0
Schema,schema,60000,0
WooCommerce Chilexpress Shipping,woo-chilexpress-shipping,600,0
Easy Blocks – Gutenberg Blocks Page Builder,ultimate-blocks-for-gutenberg,1000,0
ConvertPlayer &#8211; Make Your Videos Work Harder,convertplayer-video-lead-capture-player-for-youtube-vimeo,200,1
WP Mautic,wp-mautic,9000,0
WP Content Pilot &#8211; Autoblog &amp; Affiliate Marketing Plugin,wp-content-pilot,800,0
Transcoder,transcoder,2000,0
Social Media Buttons,social-media-button,2000,0
User Activity Tracking and Log,user-activity-tracking-and-log,1000,0
iFlyChat &#8211; WordPress Chat,iflychat,4000,0
YITH WooCommerce Subscription,yith-woocommerce-subscription,5000,0
WP Landing Pages,wp-landing-pages,1000,0
Widgets for SiteOrigin,widgets-for-siteorigin,40000,0
NextScripts: Social Networks Auto-Poster,social-networks-auto-poster-facebook-twitter-g,100000,0
Advanced Floating Content,advanced-floating-content-lite,10000,0
Gallery for Instagram,feed-instagram-lite,1000,0
Split Test For Elementor,split-test-for-elementor,1000,0
Magic Action Box,magic-action-box,10000,0
F2 Tumblr Widget,f2-tumblr-widget,1000,0
Wp photo text slider 50,wp-photo-text-slider-50,500,0
WP SEO Structured Data Schema,wp-seo-structured-data-schema,40000,0
PayPal for Digital Goods,paypal-for-digital-goods,900,0
CM Pop-Up banners for WordPress,cm-pop-up-banners,10000,0
Simplest Gallery Plugin,simplest-gallery,4000,0
Play Pause Button for Video,play-pause-button-for-video,40,1
Contact &#8211; Registration &#8211; Post Form Builder &amp; FrontEnd Editor BuddyForms &#8211; Making WordPress Forms A Breeze,buddyforms,3000,0
BuddyForms Members,buddyforms-members,700,0
GS WooCommerce Products Slider,gs-woocommerce-products-slider,1000,0
Provide Support Live Chat,provide-support-live-chat,500,0
Popup with fancybox,popup-with-fancybox,3000,0
Best Quiz Plugin for WordPress: WP Quiz,wp-quiz,10000,0
Beamer &#8211; newsfeed and push notifications,beamer,600,0
SMTP by BestWebSoft,bws-smtp,3000,0
Custom Login Page Customizer &#8211; Login Designer,login-designer,9000,0
Art WooCommerce Order One Click,art-woocommerce-order-one-click,1000,0
"Poll, Survey, Form &amp; Quiz Maker by OpinionStage",social-polls-by-opinionstage,10000,0
Gallery For Instagram,gallery-for-instagram,1000,0
The Events Calendar Shortcode &amp; Block,the-events-calendar-shortcode,20000,0
Upload File Type Settings Plugin,upload-file-type-settings-plugin,800,0
WooCommerce Product Filter by WooBeWoo,woo-product-filter,1000,0
﻿=== Social Share Icons &amp; Social Share Buttons,ultimate-social-media-plus,60000,0
Ooyala,ooyala-video-browser,100,0
Sketchfab Embed,sketchfab-oembed,1000,0
Genesis Columns Advanced,genesis-columns-advanced,20000,0
GS Testimonial Slider,gs-testimonial,3000,0
Ultimate Addons for Beaver Builder &#8211; Lite,ultimate-addons-for-beaver-builder-lite,20000,0
EU DSGVO Helper,dsgvo,1000,0
Google Plus Badge &#8211; Google Widget,new-google-plus-badge,800,0
BP Auto Group Join,bp-auto-group-join,500,0
Captcha by BestWebSoft,captcha-bws,5000,0
Aparat Videos RSS Reader | GRAD,grad-aparat-rss,50,1
Coming Soon &#8211; Under Construction,coming-soons,400,0
Simple File List,simple-file-list,2000,0
Tockify Events Calendar,tockify-events-calendar,3000,0
Edge Gallery,edge-gallery,80,0
Easy Property Listings,easy-property-listings,6000,0
WP Protect Content,wp-protect-content,1000,0
Flowplayer HTML5 for WordPress,flowplayer5,3000,0
Beaver Builder Header Footer,bb-header-footer,10000,0
WP-Parsi JW Player,wp-parsi-jwplayer,300,0
AJAX Login and Registration modal popup + inline form,ajax-login-and-registration-modal-popup,5000,0
WP Latest Posts,wp-latest-posts,10000,0
Recencio Book Reviews,recencio-book-reviews,500,0
Modus YouTube Channel,modus-youtube-channel,100,0
Automatic Alternative Text,automatic-alternative-text,300,0
WordPress Game List,wpgamelist,100,0
Modal Window &#8211; create popup modal window,modal-window,9000,0
Publish to Schedule,publish-to-schedule,2000,0
Clearfy – WordPress optimization plugin and disable ultimate tweaker,clearfy,70000,0
StopBadBots,stopbadbots,10000,0
Admin Columns,codepress-admin-columns,100000,0
Button Generator &#8211; easily Button Builder,button-generation,600,0
If&gt;So Dynamic Content,if-so,600,0
Grid Plus &#8211; Unlimited grid layout,grid-plus,7000,0
Web Directory Free,web-directory-free,500,0
Testimonials by BestWebSoft,bws-testimonials,400,0
WooCommerce JTL-Connector,woo-jtl-connector,700,0
Calendar by WD &#8211; Responsive Event Calendar,spider-event-calendar,20000,0
SendPress Newsletters,sendpress,8000,0
WooCommerce Addon for WP Courseware,woo-commerce-addon-for-wp-courseware,1000,0
Forget About Shortcode Buttons,forget-about-shortcode-buttons,40000,0
GS Projects,gs-projects,70,0
"Tab &#8211; Accordion, FAQ",tabbed,2000,0
Terms and Conditions Popup for WooCommerce,terms-and-conditions-popup-for-woocommerce,600,0
Smartsupp Live Chat,smartsupp-live-chat,10000,0
Frontend File Manager Plugin,nmedia-user-file-uploader,2000,0
Video Thumbnails,video-thumbnails,80000,1
TF Random Numbers,tf-numbers-number-counter-animaton,6000,0
Page Builder: KingComposer &#8211; Free Drag and Drop page builder by King-Theme,kingcomposer,90000,0
Search &amp; Filter,search-filter,30000,0
wp-pano,wp-pano,700,0
WPD Beaver Builder Additions,wpd-bb-additions,3000,0
Grid,grid,500,0
WPLMS BadgeOS,wplms-badgeos,3000,0
Bold Page Builder,bold-page-builder,20000,0
WP Accessibility Helper (WAH),wp-accessibility-helper,10000,0
Post SMTP Mailer/Email Log,post-smtp,100000,0
Custom Facebook Feed,custom-facebook-feed,200000,0
WooCommerce Product Table by WooBeWoo,woo-product-tables,700,0
Custom Admin Page by BestWebSoft,custom-admin-page,900,0
Disqus Comment System,disqus-comment-system,100000,0
Battle Suit for Divi,ds-suit,1000,0
Launcher: Coming Soon &amp; Maintenance Mode,launcher,7000,0
Appointment Booking and Online Scheduling by vCita,meeting-scheduler-by-vcita,9000,0
EchBay Search Everything,echbay-search-everything,100,0
Portfolio by BestWebSoft,portfolio,3000,0
GS Youtube Gallery,gs-youtube-gallery,50,0
Error Log Viewer by BestWebSoft,error-log-viewer,1000,0
Live Chat with Facebook Messenger,fb-messenger-live-chat,30000,0
Custom Post Types and Custom Fields creator &#8211; WCK,wck-custom-fields-and-custom-post-types-creator,20000,0
Ezcape Video Flash Chat,tc-ezcape-chat,0,1
WP Ultimate Post Grid,wp-ultimate-post-grid,3000,0
Gantry 4 Framework,gantry,10000,0
Hola Free Video Player,hola-free-video-player,100,1
WriteShare Writing Community Platform,writeshare,300,0
ATUM Inventory Management for WooCommerce,atum-stock-manager-for-woocommerce,7000,0
Themedy Toolbox,themedy-toolbox,1000,0
Status and Order Tracking,order-tracking,6000,0
WordPress Bitcoin Payments &#8211; Blockonomics,blockonomics-bitcoin-payments,1000,0
WooCommerce Product Slider,tc-woocommerce-product-slider,1000,0
AntiHacker,antihacker,1000,0
Image Hover Effects &#8211; WordPress Plugin,image-hover-effects,5000,0
DSGVO Youtube,dsgvo-youtube,200,0
Sidebar Widgets by CodeLights,codelights-shortcodes-and-widgets,90000,0
Easy Lazy Loader,easy-lazy-loader,600,0
WP News and Scrolling Widgets,sp-news-and-widget,20000,0
Woo Tuner,woo-tuner,200,0
Google Maps by BestWebSoft,bws-google-maps,700,0
PayPal Buy Now Button,wp-ecommerce-paypal,20000,0
Freesoul Deactivate Plugins,freesoul-deactivate-plugins,400,0
Able Player for WordPress,wp-able-player,60,0
SKT Page Builder,skt-builder,1000,0
Install FitVids &#8211; Embed fluid width Videos,install-fitvids-embed-fluid-width-videos,100,1
Website Toolbox Forum,website-toolbox-forums,500,0
Media Library Organizer,media-library-organizer,1000,0
Divi Supreme Modules,supreme-modules-for-divi,10000,0
Smart Cookie Kit,smart-cookie-kit,4000,0
Jazz Popups,jazz-popups,1000,0
Multi Currency for WooCommerce &#8211; The best free currency exchange plugin &#8211; Run smoothly on WooCommerce 3.x,woo-multi-currency,10000,0
"Custom Login Page Customizer | admin login, client login and forgot password forms/pages",arrow-login-page,200,0
Pagination Styler for WooCommerce,pagination-styler-for-woocommerce,500,0
Code Embed,simple-embed-code,20000,0
Sliced Invoices &#8211; WordPress Invoice Plugin,sliced-invoices,5000,0
MyBookTable Bookstore by Author Media,mybooktable,4000,0
Jackmail Newsletters,jackmail-newsletters,2000,0
WP Easy Paypal Payment Accept,wordpress-easy-paypal-payment-or-donation-accept-plugin,20000,0
Woo 3D Viewer,woo-3d-viewer,200,0
i-Divi Post Settings,i-divi-post-settings,800,0
Arrow Gallery &#8211; Instagram Gallery for WordPress,ap-instagram-gallery,100,0
Accordion,accordions-wp,2000,0
Gallery Lightbox,gallery-lightbox-slider,10000,0
WPB Advanced FAQ,wpb-advanced-faq,800,0
Replain,replain,1000,0
WP Rocket Footer JS,rocket-footer-js,1000,0
"Video SEO, Youtube SEO Sitemap",xml-sitemap-generator-for-videos,100,1
Twenty20 Image Before-After,twenty20,10000,0
"Coming Soon, Under Construction &amp; Maintenance Mode By Dazzler",coming-soon-wp,10000,0
Cart Notices for WooCommerce,cart-notices-for-woocommerce,800,0
WooBuilder,woobuilder,1000,0
Gosign &#8211; Background Container Block,gosign-background-container,100,0
Ghost Kit &#8211; Gutenberg Blocks and Templates Collection,ghostkit,1000,0
Responsive Videos by Angie Makes,wc-responsive-video,3000,1
CBX Poll,cbxpoll,100,0
Accordion Slider,accordion-slider-lite,1000,0
WP-eCommerce shop to Facebook,wpec-facebook-shop,600,0
"Easy Popup &#8211; Welcome Popup, Email Popup, Exit Popup",easy-popup,200,0
WP-AppKit &#8211; Mobile apps and PWA for WordPress,wp-appkit,1000,0
Mytory Markdown,mytory-markdown,300,0
Seamless Donations,seamless-donations,10000,0
Grid/List View for WooCommerce,gridlist-view-for-woocommerce,3000,0
Charitable &#8211; Donation Plugin,charitable,10000,0
Smart Variation Swatches for WooCommerce,variation-swatches-style,5000,0
Slider Ultimate,ultimate-slider,3000,0
iPages Flipbook For WordPress,ipages-flipbook,1000,0
WP YouTube Live,wp-youtube-live,2000,0
WPSSO Schema JSON-LD Markup for Google Rich Results SEO and Pinterest Rich Pins,wpsso-schema-json-ld,3000,0
Sender by BestWebSoft,sender,400,0
Show your social media posts: easy &amp; beautiful!,twine-social,2000,0
WooCommerce Vendors and Customers Conversation,admin-and-client-message-after-order-for-woocommerce,400,0
WHMCS Bridge,whmcs-bridge,10000,0
Testimonial WordPress Plugin &#8211; AP Custom Testimonial,ap-custom-testimonial,6000,0
Easy Custom Sidebars,easy-custom-sidebars,30000,0
Logo Slider Carousel,tc-logo-slider,3000,0
Selz WordPress Ecommerce,selz-ecommerce,900,0
Falling things,falling-things,100,0
Google Shortlink by BestWebSoft,google-shortlink,400,0
Rolo Slider,rolo-slider,1000,0
Embedly,embedly,8000,0
WPGlobus &#8211; Multilingual Everything!,wpglobus,20000,0
WP Header Images,wp-header-images,7000,0
My WP Backup,my-wp-backup,2000,0
Duplicate WordPress Elements,duplicate-elements,100,0
WooCommerce Discounts Plus,woocommerce-discounts-plus,700,0
Brizy &#8211; Page Builder,brizy,50000,0
Ultimate Multi Design Video Carousel,ultimate-multi-design-video-carousel,100,1
Youtube SpeedLoad,youtube-speedload,1000,0
Tour Operator Videos,tour-operator-videos,0,1
Comment Link Remove and Comment Tools,comment-link-remove,4000,0
WooCommerce &#8211; Embed Videos To Product Image Gallery,woocommerce-embed-videos-to-product-image-gallery,1000,1
Themify Builder Lite,themify-builder-lite,1000,0
Videos on Admin Dashboard,videos-on-admin-dashboard,0,1
Coming Soon Pages for WordPress &#8211; Coming Soon Booster,wp-coming-soon-booster,1000,0
Team Circle Image Slider With Lightbox,circle-image-slider-with-lightbox,1000,0
SP Project &amp; Document Manager,sp-client-document-manager,3000,0
Carousel CK,carousel-ck,300,0
Gallery for Ultimate Member,gallery-for-ultimate-member,300,0
Profile Extra Fields by BestWebSoft,profile-extra-fields,1000,0
WPB Accordion Menu or Category,wpb-accordion-menu-or-category,4000,0
Nice page transition,nice-page-transition,90,0
Min and Max Purchase for WooCommerce,min-and-max-purchase-for-woocommerce,1000,0
VINUBIS Video Editor,vinubis-video-editor,100,1
Floating News Headline &#8211; Scrolling Text,floating-news-headline,100,0
WP Youtube Gallery,wp-youtube-gallery,800,0
HTTP / HTTPS Remover: SSL Mixed Content Fix,http-https-remover,20000,0
Microthemer Lite,microthemer,10000,0
SatoshiPay,satoshipay,100,0
Yada Wiki,yada-wiki,1000,0
Custom Twitter Feeds,custom-twitter-feeds,60000,0
Convertful &#8211; Your Ultimate On-Site Conversion Tool,convertful,1000,0
PayPal Events,easy-paypal-events-tickets,2000,0
Donate by BestWebSoft,donate-button,500,0
Beautiful Stat Counter Plugin for WordPress &#8211; Everest Counter Lite,everest-counter-lite,1000,0
Prevent Direct Access,prevent-direct-access,900,0
Protect WordPress Videos,protect-wp-videos,60,1
smart User Slug Hider,smart-user-slug-hider,1000,0
Google +1 by BestWebSoft,google-one,400,0
CM Download Manager,cm-download-manager,900,0
Ultimate Hover Effects,ultimate-hover-effects,1000,0
Slidely Slideshows Embed,slidely-slideshows-embed,1000,0
Fluid Player,fluid-player,400,0
Product Watermark for WooCommerce,product-watermark-for-woocommerce,1000,0
Ebook Store,ebook-store,1000,0
Sales Report for WooCommerce,sales-report-for-woocommerce,500,0
HREFLANG Tags Lite,hreflang-tags-by-dcgws,7000,0
CM Map Locations,cm-map-locations,300,0
Membership by Supsystic,membership-by-supsystic,1000,0
Snowball,snowball,500,0
MB Custom Post Type,mb-custom-post-type,3000,0
"Picture Gallery &#8211; Frontend Image Uploads, AJAX Photo List",picture-gallery,200,0
WPNewsman Lite,wpnewsman-newsletters,1000,0
Testimonial,tc-testimonial,1000,0
Resume / CV,resume-cv,600,0
LSX Videos,lsx-videos,0,1
Team Members,tc-team-members,3000,0
File Manager,file-manager,50000,0
Nonprofit Board Management,nonprofit-board-management,400,0
Cherry Projects,cherry-projects,30000,0
mb.miniAudioPlayer &#8211; an HTML5 audio player for your mp3 files,wp-miniaudioplayer,10000,0
Contextly Recommends,contextly-related-links,500,0
Email download link,email-download-link,3000,0
Page Builder by AZEXO,page-builder-by-azexo,600,0
Flexible Woocommerce Checkout Field Editor,flexible-woocommerce-checkout-field-editor,4000,0
Pricing Table Builder &#8211; AP Pricing Tables Lite,ap-pricing-tables-lite,400,0
Floating Video,floating-video,40,1
Frontend Post WordPress Plugin &#8211; AccessPress Anonymous Post,accesspress-anonymous-post,8000,0
Responsive Slider &#8211; Sangar Slider,sangar-slider-lite,1000,0
BuddyPress Members Only,buddypress-members-only,2000,0
Product Import Export for WooCommerce,product-import-export-for-woo,40000,0
Chat Bro Live Group Chat,chatbro,1000,0
Buildr Features,buildr-features,2000,0
dmarcian,dmarcian,100,0
ACF Flexible Layouts Manager,acf-flexible-layouts-manager,600,0
Vidsy.tv Video Gallery and Video CMS,vidsy,200,1
Social LikeBox &amp; Feed,facebook-by-weblizar,40000,0
shipcloud for WooCommerce,shipcloud-for-woocommerce,400,0
WP Speed of Light,wp-speed-of-light,10000,0
WP AMP Ninja,wp-amp-ninja,8000,0
REVE Chat &#8211; WP Live Chat Support plugin,revechat,1000,0
Video Popup Block,video-popup-block,0,1
GS Portfolio &#8211; Envato,gs-envato-portfolio,1000,0
WooCommerce Shipping Label,shipping-labels-for-woo,2000,0
Landing Page Cat &#8211; WordPress Landing Page Plugin,landing-page-cat,3000,0
Owl Carousel WP,owl-carousel-wp,3000,0
Getty Images,getty-images,2000,0
Automatic YouTube Gallery,automatic-youtube-gallery,100,0
Donations Made Easy &#8211; Smart Donations,smart-donations,3000,0
Lightbox Ultimate,ultimate-lightbox,900,0
WordPress Photo Gallery Plugin by Gallery Bank,gallery-bank,10000,0
"WooCommerce PDF Invoices, Packing Slips, Delivery Notes &amp; Shipping Labels",print-invoices-packing-slip-labels-for-woocommerce,6000,0
WP Page Builder,wp-pagebuilder,5000,0
AweBooking &#8211; Hotel Booking System,awebooking,6000,0
Lazy Responsive Video Embed with Google Analytics and Piwik Tracking,marctv-jquery-video-embed,100,1
WP Awesome FAQ Plugin,wp-awesome-faq,5000,0
Wp Edit Password Protected,wp-edit-password-protected,500,0
Woo Sensei Shortcodes,woo-sensei-shortcodes,200,0
Pricing Table &#8211; Drag &amp; Drop,price-table,1000,0
Youtube with fancy zoom,youtube-with-fancy-zoom,400,0
MasterStudy LMS – Free Learning Management System WordPress Plugin for Online Courses,masterstudy-lms-learning-management-system,2000,0
You Video Gallery,you-video-gallery,20,1
Easy Google Fonts,easy-google-fonts,300000,0
"Spreebie Transcoder – Resize, Compress and Store Video",spreebie-transcoder,0,1
Gutenslider &#8211; The last slider block you will ever need.,gutenslider,30,0
Animated Live Wall &#8211; Instagram &amp; Flickr Feed &#8211; Gallery,animated-live-wall,700,0
Import XML and RSS Feeds,import-xml-feed,3000,0
WP Review,wp-review,70000,0
Consolto VideoChat,consolto-videochat,80,1
Cart66 Cloud :: WordPress Ecommerce The Easy Way,cart66-cloud,600,0
Woocommerce Open Close,woc-open-close,1000,0
GS Behance Portfolio,gs-behance-portfolio,400,0
WP Featherlight &#8211; A Simple jQuery Lightbox,wp-featherlight,60000,0
GS Portfolio,gs-portfolio,300,0
Click to top,click-to-top,600,0
Landingi Landing Pages,landingi-landing-pages,1000,0
Qubely Blocks &#8211; Full-fledged Gutenberg Toolkit,qubely,400,0
Simple Sidebar Navigation,simple-sidebar-navigation,1000,0
GIGA Slider,giga-slider,1000,0
wp-Monalisa,wp-monalisa,1000,0
BP Portfolio,bp-portfolio,300,0
Easy Accordion &#8211; Best Accordion FAQ Plugin for WordPress,easy-accordion-free,4000,0
CM Maps Routes Manager,cm-route-manager,400,0
YT Player,yt-player,20,0
Sample Data,sample-data,200,0
Just Custom Fields,just-custom-fields,3000,0
Sell Media File with Stripe,sell-media-file,100,0
Responsive Youtube &amp; Vimeo Video Lightbox,responsive-youtube-vimeo-video-lightbox,1000,1
